t√≠mi; hitastig; fan_on; duty_cycle; heater_on
10.13; 21.60; 0.00; 0.00; 1.00
11.13; 21.60; 0.00; 0.00; 1.00
12.56; 21.80; 0.00; 0.00; 1.00
13.56; 21.80; 0.00; 0.00; 1.00
14.99; 22.10; 0.00; 0.00; 1.00
15.99; 22.10; 0.00; 0.00; 1.00
17.43; 22.30; 0.00; 0.00; 1.00
18.43; 22.30; 0.00; 0.00; 1.00
19.87; 22.60; 0.00; 0.00; 1.00
20.87; 22.60; 0.00; 0.00; 1.00
22.27; 22.90; 0.00; 0.00; 1.00
23.27; 22.90; 0.00; 0.00; 1.00
24.71; 23.30; 0.00; 0.00; 1.00
25.71; 23.30; 0.00; 0.00; 1.00
27.14; 23.60; 0.00; 0.00; 1.00
28.14; 23.60; 0.00; 0.00; 1.00
29.58; 24.00; 0.00; 0.00; 1.00
30.58; 24.00; 0.00; 0.00; 1.00
32.01; 24.40; 0.00; 0.00; 1.00
33.01; 24.40; 0.00; 0.00; 1.00
34.45; 24.80; 0.00; 0.00; 1.00
35.45; 24.80; 0.00; 0.00; 1.00
36.89; 25.30; 0.00; 0.00; 1.00
37.89; 25.30; 0.00; 0.00; 1.00
39.32; 25.70; 0.00; 0.00; 1.00
40.33; 25.70; 0.00; 0.00; 1.00
41.77; 26.20; 0.00; 0.00; 1.00
42.77; 26.20; 0.00; 0.00; 1.00
44.20; 26.70; 0.00; 0.00; 1.00
45.20; 26.70; 0.00; 0.00; 1.00
46.64; 27.20; 0.00; 0.00; 1.00
47.64; 27.20; 0.00; 0.00; 1.00
48.98; 27.70; 0.00; 0.00; 1.00
49.98; 27.70; 0.00; 0.00; 1.00
51.42; 28.20; 0.00; 0.00; 1.00
52.42; 28.20; 0.00; 0.00; 1.00
53.75; 28.70; 0.00; 0.00; 1.00
54.75; 28.70; 0.00; 0.00; 1.00
56.18; 29.20; 0.00; 0.00; 1.00
57.18; 29.20; 0.00; 0.00; 1.00
58.62; 29.70; 0.00; 0.00; 1.00
59.62; 29.70; 0.00; 0.00; 1.00
61.06; 30.40; 0.00; 0.00; 1.00
62.06; 30.40; 0.00; 0.00; 1.00
63.49; 31.00; 0.00; 0.00; 1.00
64.49; 31.00; 0.00; 0.00; 1.00
85.08; 37.00; 0.00; 0.00; 1.00
86.08; 37.00; 0.00; 0.00; 1.00
87.48; 37.60; 0.00; 0.00; 1.00
88.48; 37.60; 0.00; 0.00; 1.00
89.93; 38.30; 0.00; 0.00; 1.00
90.93; 38.30; 0.00; 0.00; 1.00
92.33; 38.90; 0.00; 0.00; 1.00
93.33; 38.90; 0.00; 0.00; 1.00
94.77; 39.60; 0.00; 0.00; 1.00
95.78; 39.60; 0.00; 0.00; 1.00
97.21; 40.30; 0.00; 0.00; 1.00
98.21; 40.30; 0.00; 0.00; 1.00
99.65; 40.90; 0.00; 0.00; 1.00
100.65; 40.90; 0.00; 0.00; 1.00
102.08; 41.50; 0.00; 0.00; 1.00
103.08; 41.50; 0.00; 0.00; 1.00
104.52; 42.20; 0.00; 0.00; 1.00
105.52; 42.20; 0.00; 0.00; 1.00
106.95; 42.80; 0.00; 0.00; 1.00
107.95; 42.80; 0.00; 0.00; 1.00
109.39; 43.50; 0.00; 0.00; 1.00
110.39; 43.50; 0.00; 0.00; 1.00
111.83; 44.20; 0.00; 0.00; 1.00
112.84; 44.20; 0.00; 0.00; 1.00
114.27; 44.80; 0.00; 0.00; 1.00
115.27; 44.80; 0.00; 0.00; 1.00
116.70; 45.50; 0.00; 0.00; 1.00
117.70; 45.50; 0.00; 0.00; 1.00
119.14; 46.10; 0.00; 0.00; 1.00
120.14; 46.10; 0.00; 0.00; 1.00
121.57; 46.70; 0.00; 0.00; 1.00
122.58; 46.70; 0.00; 0.00; 1.00
124.01; 47.30; 0.00; 0.00; 1.00
125.01; 47.30; 0.00; 0.00; 1.00
126.44; 47.90; 0.00; 0.00; 1.00
127.45; 47.90; 0.00; 0.00; 1.00
128.88; 48.40; 0.00; 0.00; 1.00
129.89; 48.40; 0.00; 0.00; 1.00
131.32; 49.00; 0.00; 0.00; 1.00
132.32; 49.00; 0.00; 0.00; 1.00
133.75; 49.60; 0.00; 0.00; 1.00
134.75; 49.60; 0.00; 0.00; 1.00
136.19; 50.20; 0.00; 0.00; 1.00
137.19; 50.20; 0.00; 0.00; 1.00
138.62; 50.70; 0.00; 0.00; 1.00
139.62; 50.70; 0.00; 0.00; 1.00
141.06; 51.30; 0.00; 0.00; 1.00
142.06; 51.30; 0.00; 0.00; 1.00
143.49; 51.90; 0.00; 0.00; 1.00
144.49; 51.90; 0.00; 0.00; 1.00
145.92; 52.50; 0.00; 0.00; 1.00
146.92; 52.50; 0.00; 0.00; 1.00
150.76; 53.50; 0.00; 0.00; 1.00
151.76; 53.50; 0.00; 0.00; 1.00
153.18; 54.10; 0.00; 0.00; 1.00
154.18; 54.10; 0.00; 0.00; 1.00
155.62; 54.50; 0.00; 0.00; 1.00
156.62; 54.50; 0.00; 0.00; 1.00
175.05; 57.70; 0.00; 0.00; 1.00
176.05; 57.70; 0.00; 0.00; 1.00
177.48; 58.10; 0.00; 0.00; 1.00
178.48; 58.10; 0.00; 0.00; 1.00
179.91; 58.50; 0.00; 0.00; 1.00
180.92; 58.50; 0.00; 0.00; 1.00
182.35; 58.90; 0.00; 0.00; 1.00
183.35; 58.90; 0.00; 0.00; 1.00
184.79; 59.30; 0.00; 0.00; 1.00
185.79; 59.30; 0.00; 0.00; 1.00
189.66; 60.00; 0.00; 0.00; 1.00
190.66; 60.00; 0.00; 0.00; 1.00
192.09; 60.30; 0.00; 0.00; 1.00
193.09; 60.30; 0.00; 0.00; 1.00
194.52; 60.70; 0.00; 0.00; 1.00
195.52; 60.70; 0.00; 0.00; 1.00
196.96; 60.90; 0.00; 0.00; 1.00
197.96; 60.90; 0.00; 0.00; 1.00
199.39; 61.20; 0.00; 0.00; 1.00
200.39; 61.20; 0.00; 0.00; 1.00
201.82; 61.40; 0.00; 0.00; 1.00
202.82; 61.40; 0.00; 0.00; 1.00
206.65; 62.10; 0.00; 0.00; 1.00
207.66; 62.10; 0.00; 0.00; 1.00
209.09; 62.40; 0.00; 0.00; 1.00
210.09; 62.40; 0.00; 0.00; 1.00
211.52; 62.80; 0.00; 0.00; 1.00
212.52; 62.80; 0.00; 0.00; 1.00
213.96; 63.00; 0.00; 0.00; 1.00
214.96; 63.00; 0.00; 0.00; 1.00
216.39; 63.40; 0.00; 0.00; 1.00
217.39; 63.40; 0.00; 0.00; 1.00
218.83; 63.60; 0.00; 0.00; 1.00
219.83; 63.60; 0.00; 0.00; 1.00
221.26; 63.90; 0.00; 0.00; 1.00
222.26; 63.90; 0.00; 0.00; 1.00
223.70; 64.20; 0.00; 0.00; 1.00
224.70; 64.20; 0.00; 0.00; 1.00
226.12; 64.50; 0.00; 0.00; 1.00
227.13; 64.50; 0.00; 0.00; 1.00
230.98; 65.00; 0.00; 0.00; 1.00
231.98; 65.00; 0.00; 0.00; 1.00
233.31; 65.30; 0.00; 0.00; 1.00
234.31; 65.30; 0.00; 0.00; 1.00
235.74; 65.60; 0.00; 0.00; 1.00
236.74; 65.60; 0.00; 0.00; 1.00
238.17; 66.00; 0.00; 0.00; 1.00
239.17; 66.00; 0.00; 0.00; 1.00
240.61; 66.30; 0.00; 0.00; 1.00
241.61; 66.30; 0.00; 0.00; 1.00
243.04; 66.60; 0.00; 0.00; 1.00
244.04; 66.60; 0.00; 0.00; 1.00
247.90; 67.10; 0.00; 0.00; 1.00
248.90; 67.10; 0.00; 0.00; 1.00
250.33; 67.40; 0.00; 0.00; 1.00
251.33; 67.40; 0.00; 0.00; 1.00
252.78; 67.70; 0.00; 0.00; 1.00
253.78; 67.70; 0.00; 0.00; 1.00
255.22; 68.00; 0.00; 0.00; 1.00
256.22; 68.00; 0.00; 0.00; 1.00
257.65; 68.10; 0.00; 0.00; 1.00
258.66; 68.10; 0.00; 0.00; 1.00
260.09; 68.40; 0.00; 0.00; 1.00
261.09; 68.40; 0.00; 0.00; 1.00
262.53; 68.70; 0.00; 0.00; 1.00
263.53; 68.70; 0.00; 0.00; 1.00
264.97; 68.90; 0.00; 0.00; 1.00
265.97; 68.90; 0.00; 0.00; 1.00
267.41; 69.20; 0.00; 0.00; 1.00
268.41; 69.20; 0.00; 0.00; 1.00
269.84; 69.30; 0.00; 0.00; 1.00
270.84; 69.30; 0.00; 0.00; 1.00
277.02; 70.10; 0.00; 0.00; 1.00
278.02; 70.10; 0.00; 0.00; 1.00
279.45; 70.30; 0.00; 0.00; 1.00
280.45; 70.30; 0.00; 0.00; 1.00
281.89; 70.40; 0.00; 0.00; 1.00
282.89; 70.40; 0.00; 0.00; 1.00
284.32; 70.60; 0.00; 0.00; 1.00
285.32; 70.60; 0.00; 0.00; 1.00
286.65; 70.90; 0.00; 0.00; 1.00
287.65; 70.90; 0.00; 0.00; 1.00
327.93; 74.00; 0.00; 0.00; 1.00
328.93; 74.00; 0.00; 0.00; 1.00
347.35; 74.70; 0.00; 0.00; 1.00
348.35; 74.70; 0.00; 0.00; 1.00
364.34; 75.40; 0.00; 0.00; 1.00
365.34; 75.40; 0.00; 0.00; 1.00
381.30; 75.80; 0.00; 0.00; 1.00
382.31; 75.80; 0.00; 0.00; 1.00
383.74; 75.80; 0.00; 0.00; 1.00
384.74; 75.80; 0.00; 0.00; 1.00
386.17; 75.80; 0.00; 0.00; 1.00
387.17; 75.80; 0.00; 0.00; 1.00
388.60; 75.80; 0.00; 0.00; 1.00
389.60; 75.80; 0.00; 0.00; 1.00
391.05; 75.80; 0.00; 0.00; 1.00
392.05; 75.80; 0.00; 0.00; 1.00
393.48; 76.00; 1.00; 0.00; 1.00
394.49; 76.00; 1.00; 0.00; 1.00
395.92; 76.00; 1.00; 0.00; 1.00
396.92; 76.00; 1.00; 0.00; 1.00
398.35; 75.80; 1.00; 0.00; 1.00
399.35; 75.80; 1.00; 0.00; 1.00
400.78; 75.80; 1.00; 0.00; 1.00
401.78; 75.80; 1.00; 0.00; 1.00
403.12; 75.60; 1.00; 0.00; 1.00
404.12; 75.60; 1.00; 0.00; 1.00
405.56; 75.40; 1.00; 0.00; 1.00
406.56; 75.40; 1.00; 0.00; 1.00
407.99; 75.00; 1.00; 0.00; 1.00
408.99; 75.00; 1.00; 0.00; 1.00
410.43; 74.60; 1.00; 0.00; 1.00
411.43; 74.60; 1.00; 0.00; 1.00
412.85; 74.20; 1.00; 0.00; 1.00
413.85; 74.20; 1.00; 0.00; 1.00
415.28; 73.80; 1.00; 0.00; 1.00
416.29; 73.80; 1.00; 0.00; 1.00
417.72; 73.60; 1.00; 0.00; 1.00
418.72; 73.60; 1.00; 0.00; 1.00
420.16; 73.20; 1.00; 0.00; 1.00
421.16; 73.20; 1.00; 0.00; 1.00
422.58; 72.80; 1.00; 0.00; 1.00
423.58; 72.80; 1.00; 0.00; 1.00
425.01; 72.40; 1.00; 0.00; 1.00
426.01; 72.40; 1.00; 0.00; 1.00
427.44; 72.20; 1.00; 0.00; 1.00
428.44; 72.20; 1.00; 0.00; 1.00
429.87; 71.90; 1.00; 0.00; 1.00
430.87; 71.90; 1.00; 0.00; 1.00
432.30; 71.70; 1.00; 0.00; 1.00
433.30; 71.70; 1.00; 0.00; 1.00
434.73; 71.30; 1.00; 0.00; 1.00
435.73; 71.30; 1.00; 0.00; 1.00
437.17; 71.00; 1.00; 0.00; 1.00
438.17; 71.00; 1.00; 0.00; 1.00
442.03; 70.40; 1.00; 0.00; 1.00
443.03; 70.40; 1.00; 0.00; 1.00
444.46; 70.10; 1.00; 0.00; 1.00
445.47; 70.10; 1.00; 0.00; 1.00
446.90; 69.80; 1.00; 0.00; 1.00
447.90; 69.80; 1.00; 0.00; 1.00
449.33; 69.40; 1.00; 0.00; 1.00
450.33; 69.40; 1.00; 0.00; 1.00
451.76; 68.90; 1.00; 0.00; 1.00
452.76; 68.90; 1.00; 0.00; 1.00
454.19; 68.80; 1.00; 0.00; 1.00
455.19; 68.80; 1.00; 0.00; 1.00
456.63; 68.40; 1.00; 0.00; 1.00
457.63; 68.40; 1.00; 0.00; 1.00
458.96; 68.30; 1.00; 0.00; 1.00
459.96; 68.30; 1.00; 0.00; 1.00
461.41; 68.10; 1.00; 0.00; 1.00
462.41; 68.10; 1.00; 0.00; 1.00
463.86; 68.00; 1.00; 0.00; 1.00
464.86; 68.00; 1.00; 0.00; 1.00
466.29; 68.00; 1.00; 0.00; 1.00
467.29; 68.00; 1.00; 0.00; 1.00
468.72; 67.80; 1.00; 0.00; 1.00
469.72; 67.80; 1.00; 0.00; 1.00
471.15; 67.80; 1.00; 0.00; 1.00
472.15; 67.80; 1.00; 0.00; 1.00
473.57; 67.70; 1.00; 0.00; 1.00
474.57; 67.70; 1.00; 0.00; 1.00
475.94; 67.70; 1.00; 0.00; 1.00
476.94; 67.70; 1.00; 0.00; 1.00
478.38; 67.50; 1.00; 10.00; 1.00
479.39; 67.50; 1.00; 10.00; 1.00
480.83; 67.50; 1.00; 10.00; 1.00
481.83; 67.50; 1.00; 10.00; 1.00
483.26; 67.00; 1.00; 10.00; 1.00
484.26; 67.00; 1.00; 10.00; 1.00
485.70; 65.90; 1.00; 10.00; 1.00
486.70; 65.90; 1.00; 10.00; 1.00
488.13; 64.40; 1.00; 10.00; 1.00
489.13; 64.40; 1.00; 10.00; 1.00
490.57; 63.50; 1.00; 10.00; 1.00
491.57; 63.50; 1.00; 10.00; 1.00
493.01; 62.00; 1.00; 10.00; 1.00
494.01; 62.00; 1.00; 10.00; 1.00
495.45; 60.50; 1.00; 10.00; 1.00
496.45; 60.50; 1.00; 10.00; 1.00
500.23; 58.10; 1.00; 10.00; 1.00
501.23; 58.10; 1.00; 10.00; 1.00
502.67; 56.90; 1.00; 10.00; 1.00
503.67; 56.90; 1.00; 10.00; 1.00
507.53; 54.60; 1.00; 10.00; 1.00
508.53; 54.60; 1.00; 10.00; 1.00
509.97; 53.50; 1.00; 10.00; 1.00
510.97; 53.50; 1.00; 10.00; 1.00
512.29; 52.50; 1.00; 10.00; 1.00
513.29; 52.50; 1.00; 10.00; 1.00
534.14; 45.30; 1.00; 10.00; 1.00
535.15; 45.30; 1.00; 10.00; 1.00
536.58; 44.70; 1.00; 10.00; 1.00
537.58; 44.70; 1.00; 10.00; 1.00
539.02; 44.00; 1.00; 10.00; 1.00
540.02; 44.00; 1.00; 10.00; 1.00
541.45; 43.10; 1.00; 10.00; 1.00
542.45; 43.10; 1.00; 10.00; 1.00
543.89; 42.40; 1.00; 10.00; 1.00
544.89; 42.40; 1.00; 10.00; 1.00
546.32; 41.70; 1.00; 10.00; 1.00
547.32; 41.70; 1.00; 10.00; 1.00
548.75; 41.10; 1.00; 10.00; 1.00
549.75; 41.10; 1.00; 10.00; 1.00
551.19; 40.50; 1.00; 10.00; 1.00
552.19; 40.50; 1.00; 10.00; 1.00
553.62; 39.90; 1.00; 10.00; 1.00
554.62; 39.90; 1.00; 10.00; 1.00
556.06; 39.20; 1.00; 10.00; 1.00
557.06; 39.20; 1.00; 10.00; 1.00
558.49; 38.60; 1.00; 10.00; 1.00
559.49; 38.60; 1.00; 10.00; 1.00
560.93; 38.20; 1.00; 10.00; 1.00
561.93; 38.20; 1.00; 10.00; 1.00
565.79; 37.10; 1.00; 10.00; 1.00
566.79; 37.10; 1.00; 10.00; 1.00
568.22; 36.80; 1.00; 10.00; 1.00
569.22; 36.80; 1.00; 10.00; 1.00
570.66; 36.30; 1.00; 10.00; 1.00
571.66; 36.30; 1.00; 10.00; 1.00
573.09; 35.90; 1.00; 10.00; 1.00
574.09; 35.90; 1.00; 10.00; 1.00
575.53; 35.50; 1.00; 10.00; 1.00
576.53; 35.50; 1.00; 10.00; 1.00
577.96; 35.10; 1.00; 10.00; 1.00
578.97; 35.10; 1.00; 10.00; 1.00
580.40; 34.60; 1.00; 10.00; 1.00
581.40; 34.60; 1.00; 10.00; 1.00
582.72; 34.30; 1.00; 10.00; 1.00
583.72; 34.30; 1.00; 10.00; 1.00
585.17; 34.00; 1.00; 10.00; 1.00
586.17; 34.00; 1.00; 10.00; 1.00
590.04; 33.30; 1.00; 10.00; 1.00
591.04; 33.30; 1.00; 10.00; 1.00
592.47; 33.20; 1.00; 10.00; 1.00
593.47; 33.20; 1.00; 10.00; 1.00
594.84; 32.90; 1.00; 10.00; 1.00
595.84; 32.90; 1.00; 10.00; 1.00
597.23; 32.70; 1.00; 10.00; 1.00
598.23; 32.70; 1.00; 10.00; 1.00
599.67; 32.40; 1.00; 10.00; 1.00
600.67; 32.40; 1.00; 10.00; 1.00
602.10; 32.30; 1.00; 10.00; 1.00
603.10; 32.30; 1.00; 10.00; 1.00
604.54; 32.10; 1.00; 10.00; 1.00
605.54; 32.10; 1.00; 10.00; 1.00
606.99; 31.90; 1.00; 10.00; 1.00
607.99; 31.90; 1.00; 10.00; 1.00
616.71; 31.40; 1.00; 10.00; 1.00
617.72; 31.40; 1.00; 10.00; 1.00
619.15; 31.30; 1.00; 10.00; 1.00
620.15; 31.30; 1.00; 10.00; 1.00
621.58; 31.20; 1.00; 10.00; 1.00
622.58; 31.20; 1.00; 10.00; 1.00
638.57; 30.00; 1.00; 10.00; 1.00
639.58; 30.00; 1.00; 10.00; 1.00
641.01; 29.70; 1.00; 10.00; 1.00
642.01; 29.70; 1.00; 10.00; 1.00
665.25; 28.40; 1.00; 10.00; 1.00
666.25; 28.40; 1.00; 10.00; 1.00
670.11; 28.40; 1.00; 10.00; 1.00
671.11; 28.40; 1.00; 10.00; 1.00
674.98; 28.50; 1.00; 10.00; 1.00
675.99; 28.50; 1.00; 10.00; 1.00
677.42; 28.50; 1.00; 10.00; 1.00
678.42; 28.50; 1.00; 10.00; 1.00
679.85; 28.30; 1.00; 10.00; 1.00
680.85; 28.30; 1.00; 10.00; 1.00
687.07; 28.10; 1.00; 10.00; 1.00
688.07; 28.10; 1.00; 10.00; 1.00
691.88; 28.30; 1.00; 10.00; 1.00
692.88; 28.30; 1.00; 20.00; 1.00
706.46; 28.00; 1.00; 20.00; 1.00
707.46; 28.00; 1.00; 20.00; 1.00
708.89; 27.90; 1.00; 20.00; 1.00
709.89; 27.90; 1.00; 20.00; 1.00
716.15; 27.50; 1.00; 20.00; 1.00
717.16; 27.50; 1.00; 20.00; 1.00
721.02; 27.20; 1.00; 20.00; 1.00
722.02; 27.20; 1.00; 20.00; 1.00
723.45; 27.10; 1.00; 20.00; 1.00
724.46; 27.10; 1.00; 20.00; 1.00
725.89; 27.10; 1.00; 20.00; 1.00
726.89; 27.10; 1.00; 20.00; 1.00
728.29; 27.10; 1.00; 20.00; 1.00
729.29; 27.10; 1.00; 20.00; 1.00
742.86; 26.80; 1.00; 20.00; 1.00
743.86; 26.80; 1.00; 20.00; 1.00
745.22; 26.70; 1.00; 20.00; 1.00
746.22; 26.70; 1.00; 20.00; 1.00
747.67; 26.50; 1.00; 20.00; 1.00
748.67; 26.50; 1.00; 20.00; 1.00
749.98; 26.60; 1.00; 20.00; 1.00
750.98; 26.60; 1.00; 20.00; 1.00
752.38; 26.50; 1.00; 20.00; 1.00
753.38; 26.50; 1.00; 20.00; 1.00
754.71; 26.40; 1.00; 20.00; 1.00
755.71; 26.40; 1.00; 20.00; 1.00
810.39; 26.00; 1.00; 20.00; 1.00
811.39; 26.00; 1.00; 20.00; 1.00
822.56; 26.00; 1.00; 20.00; 1.00
823.56; 26.00; 1.00; 20.00; 1.00
866.28; 24.80; 1.00; 20.00; 1.00
867.28; 24.80; 1.00; 20.00; 1.00
890.30; 24.00; 1.00; 20.00; 1.00
891.31; 24.00; 1.00; 20.00; 1.00
897.60; 23.70; 1.00; 20.00; 1.00
898.60; 23.70; 1.00; 20.00; 1.00
900.03; 23.70; 1.00; 20.00; 1.00
901.04; 23.70; 1.00; 20.00; 1.00
902.47; 23.60; 1.00; 20.00; 1.00
903.47; 23.60; 1.00; 20.00; 1.00
904.90; 23.50; 1.00; 20.00; 1.00
905.90; 23.50; 1.00; 20.00; 1.00
917.09; 23.20; 1.00; 20.00; 1.00
918.09; 23.20; 1.00; 20.00; 1.00
921.95; 23.20; 1.00; 20.00; 1.00
922.96; 23.20; 1.00; 20.00; 1.00
924.39; 23.20; 1.00; 20.00; 1.00
925.39; 23.20; 1.00; 20.00; 1.00
926.82; 23.10; 1.00; 20.00; 1.00
927.82; 23.10; 1.00; 20.00; 1.00
929.26; 23.20; 1.00; 20.00; 1.00
930.26; 23.20; 1.00; 30.00; 1.00
931.69; 23.40; 1.00; 30.00; 1.00
932.69; 23.40; 1.00; 30.00; 1.00
934.12; 23.60; 1.00; 30.00; 1.00
935.12; 23.60; 1.00; 30.00; 1.00
936.55; 23.70; 1.00; 30.00; 1.00
937.55; 23.70; 1.00; 30.00; 1.00
939.00; 23.70; 1.00; 30.00; 1.00
940.00; 23.70; 1.00; 30.00; 1.00
941.37; 23.70; 1.00; 30.00; 1.00
942.37; 23.70; 1.00; 30.00; 1.00
946.26; 23.80; 1.00; 30.00; 1.00
947.26; 23.80; 1.00; 30.00; 1.00
948.61; 23.80; 1.00; 30.00; 1.00
949.61; 23.80; 1.00; 30.00; 1.00
951.06; 23.70; 1.00; 30.00; 1.00
952.06; 23.70; 1.00; 30.00; 1.00
953.50; 23.80; 1.00; 30.00; 1.00
954.50; 23.80; 1.00; 30.00; 1.00
955.91; 23.90; 1.00; 30.00; 1.00
956.91; 23.90; 1.00; 30.00; 1.00
958.35; 24.00; 1.00; 30.00; 1.00
959.35; 24.00; 1.00; 30.00; 1.00
960.72; 24.00; 1.00; 30.00; 1.00
961.72; 24.00; 1.00; 40.00; 1.00
963.15; 24.00; 1.00; 40.00; 1.00
964.15; 24.00; 1.00; 40.00; 1.00
965.59; 24.00; 1.00; 40.00; 1.00
966.59; 24.00; 1.00; 40.00; 1.00
968.00; 24.00; 1.00; 40.00; 1.00
969.01; 24.00; 1.00; 40.00; 1.00
970.45; 24.10; 1.00; 40.00; 1.00
971.46; 24.10; 1.00; 40.00; 1.00
972.89; 24.10; 1.00; 40.00; 1.00
973.89; 24.10; 1.00; 40.00; 1.00
975.33; 24.20; 1.00; 40.00; 1.00
976.33; 24.20; 1.00; 40.00; 1.00
977.71; 24.20; 1.00; 40.00; 1.00
978.71; 24.20; 1.00; 40.00; 1.00
980.15; 24.20; 1.00; 40.00; 1.00
981.15; 24.20; 1.00; 40.00; 1.00
982.58; 24.20; 1.00; 40.00; 1.00
983.58; 24.20; 1.00; 40.00; 1.00
985.02; 24.30; 1.00; 40.00; 1.00
986.02; 24.30; 1.00; 40.00; 1.00
987.45; 24.40; 1.00; 40.00; 1.00
988.46; 24.40; 1.00; 40.00; 1.00
989.89; 24.40; 1.00; 40.00; 1.00
990.89; 24.40; 1.00; 40.00; 1.00
992.32; 24.30; 1.00; 40.00; 1.00
993.32; 24.30; 1.00; 50.00; 1.00
997.07; 24.50; 1.00; 50.00; 1.00
998.07; 24.50; 1.00; 50.00; 1.00
999.50; 24.40; 1.00; 50.00; 1.00
1000.50; 24.40; 1.00; 50.00; 1.00
1001.93; 24.40; 1.00; 50.00; 1.00
1002.94; 24.40; 1.00; 50.00; 1.00
1006.80; 24.60; 1.00; 50.00; 1.00
1007.80; 24.60; 1.00; 50.00; 1.00
1035.93; 23.70; 1.00; 50.00; 1.00
1036.93; 23.70; 1.00; 50.00; 1.00
1038.25; 23.70; 1.00; 50.00; 1.00
1039.26; 23.70; 1.00; 50.00; 1.00
1040.70; 23.80; 1.00; 50.00; 1.00
1041.70; 23.80; 1.00; 50.00; 1.00
1043.14; 23.70; 1.00; 50.00; 1.00
1044.14; 23.70; 1.00; 50.00; 1.00
1045.55; 23.70; 1.00; 50.00; 1.00
1046.56; 23.70; 1.00; 50.00; 1.00
1047.99; 23.60; 1.00; 50.00; 1.00
1048.99; 23.60; 1.00; 50.00; 1.00
1050.43; 23.50; 1.00; 60.00; 1.00
1051.43; 23.50; 1.00; 60.00; 1.00
1052.86; 23.40; 1.00; 60.00; 1.00
1053.86; 23.40; 1.00; 60.00; 1.00
1055.29; 23.30; 1.00; 60.00; 1.00
1056.29; 23.30; 1.00; 60.00; 1.00
1060.16; 23.30; 1.00; 60.00; 1.00
1061.16; 23.30; 1.00; 60.00; 1.00
1062.59; 23.20; 1.00; 60.00; 1.00
1063.59; 23.20; 1.00; 60.00; 1.00
1065.03; 23.20; 1.00; 60.00; 1.00
1066.03; 23.20; 1.00; 60.00; 1.00
1067.46; 23.10; 1.00; 60.00; 1.00
1068.46; 23.10; 1.00; 60.00; 1.00
1069.89; 23.00; 1.00; 60.00; 1.00
1070.89; 23.00; 1.00; 60.00; 1.00
1072.32; 23.00; 1.00; 60.00; 1.00
1073.33; 23.00; 1.00; 60.00; 1.00
1074.76; 22.90; 1.00; 60.00; 1.00
1075.76; 22.90; 1.00; 60.00; 1.00
1077.19; 22.80; 1.00; 60.00; 1.00
1078.19; 22.80; 1.00; 60.00; 1.00
1079.63; 22.70; 1.00; 60.00; 1.00
1080.63; 22.70; 1.00; 60.00; 1.00
1082.02; 22.60; 1.00; 60.00; 1.00
1083.02; 22.60; 1.00; 60.00; 1.00
1084.47; 22.60; 1.00; 60.00; 1.00
1085.48; 22.60; 1.00; 60.00; 1.00
1086.91; 22.50; 1.00; 60.00; 1.00
1087.91; 22.50; 1.00; 60.00; 1.00
1089.34; 22.50; 1.00; 60.00; 1.00
1090.34; 22.50; 1.00; 70.00; 1.00
1091.77; 22.50; 1.00; 70.00; 1.00
1092.77; 22.50; 1.00; 70.00; 1.00
1094.21; 22.50; 1.00; 70.00; 1.00
1095.21; 22.50; 1.00; 70.00; 1.00
1096.54; 22.60; 1.00; 70.00; 1.00
1097.54; 22.60; 1.00; 70.00; 1.00
1101.41; 22.80; 1.00; 70.00; 1.00
1102.42; 22.80; 1.00; 70.00; 1.00
1103.85; 22.90; 1.00; 70.00; 1.00
1104.85; 22.90; 1.00; 70.00; 1.00
1113.56; 23.40; 1.00; 70.00; 1.00
1114.56; 23.40; 1.00; 70.00; 1.00
1115.99; 23.60; 1.00; 70.00; 1.00
1116.99; 23.60; 1.00; 70.00; 1.00
1118.42; 23.70; 1.00; 70.00; 1.00
1119.42; 23.70; 1.00; 70.00; 1.00
1120.85; 23.70; 1.00; 70.00; 1.00
1121.85; 23.70; 1.00; 70.00; 1.00
1123.29; 23.70; 1.00; 70.00; 1.00
1124.29; 23.70; 1.00; 70.00; 1.00
1125.72; 23.70; 1.00; 70.00; 1.00
1126.72; 23.70; 1.00; 80.00; 1.00
1130.58; 23.80; 1.00; 80.00; 1.00
1131.58; 23.80; 1.00; 80.00; 1.00
1135.44; 23.70; 1.00; 80.00; 1.00
1136.44; 23.70; 1.00; 80.00; 1.00
1137.86; 23.70; 1.00; 80.00; 1.00
1138.87; 23.70; 1.00; 80.00; 1.00
1140.29; 23.50; 1.00; 80.00; 1.00
1141.29; 23.50; 1.00; 80.00; 1.00
1142.59; 23.40; 1.00; 80.00; 1.00
1143.59; 23.40; 1.00; 80.00; 1.00
1145.02; 23.20; 1.00; 80.00; 1.00
1146.02; 23.20; 1.00; 80.00; 1.00
1147.45; 23.10; 1.00; 80.00; 1.00
1148.45; 23.10; 1.00; 80.00; 1.00
1149.88; 23.00; 1.00; 80.00; 1.00
1150.88; 23.00; 1.00; 80.00; 1.00
1152.32; 22.90; 1.00; 80.00; 1.00
1153.32; 22.90; 1.00; 80.00; 1.00
1154.75; 22.80; 1.00; 80.00; 1.00
1155.75; 22.80; 1.00; 80.00; 1.00
1157.19; 22.70; 1.00; 80.00; 1.00
1158.19; 22.70; 1.00; 80.00; 1.00
1159.63; 22.80; 1.00; 80.00; 1.00
1160.63; 22.80; 1.00; 90.00; 1.00
1162.06; 22.90; 1.00; 90.00; 1.00
1163.07; 22.90; 1.00; 90.00; 1.00
1164.50; 23.00; 1.00; 90.00; 1.00
1165.51; 23.00; 1.00; 90.00; 1.00
1166.94; 23.20; 1.00; 90.00; 1.00
1167.94; 23.20; 1.00; 90.00; 1.00
1169.37; 23.20; 1.00; 90.00; 1.00
1170.37; 23.20; 1.00; 90.00; 1.00
1171.81; 23.30; 1.00; 90.00; 1.00
1172.81; 23.30; 1.00; 90.00; 1.00
1174.24; 23.30; 1.00; 90.00; 1.00
1175.24; 23.30; 1.00; 90.00; 1.00
1176.67; 23.30; 1.00; 90.00; 1.00
1177.67; 23.30; 1.00; 90.00; 1.00
1179.00; 23.30; 1.00; 90.00; 1.00
1180.00; 23.30; 1.00; 90.00; 1.00
1181.35; 23.30; 1.00; 90.00; 1.00
1182.35; 23.30; 1.00; 90.00; 1.00
1183.80; 23.30; 1.00; 90.00; 1.00
1184.80; 23.30; 1.00; 90.00; 1.00
1186.23; 23.20; 1.00; 90.00; 1.00
1187.23; 23.20; 1.00; 90.00; 1.00
1188.66; 23.10; 1.00; 90.00; 1.00
1189.67; 23.10; 1.00; 90.00; 1.00
1191.02; 23.10; 1.00; 90.00; 1.00
1192.02; 23.10; 1.00; 100.00; 1.00
1193.45; 23.00; 1.00; 100.00; 1.00
1194.45; 23.00; 1.00; 100.00; 1.00
1195.88; 22.90; 1.00; 100.00; 1.00
1196.88; 22.90; 1.00; 100.00; 1.00
1198.31; 22.70; 1.00; 100.00; 1.00
1199.31; 22.70; 1.00; 100.00; 1.00
1200.74; 22.60; 1.00; 100.00; 1.00
1201.74; 22.60; 1.00; 100.00; 1.00
1203.17; 22.60; 1.00; 100.00; 1.00
1204.17; 22.60; 1.00; 100.00; 1.00
1205.60; 22.50; 1.00; 100.00; 1.00
1206.61; 22.50; 1.00; 100.00; 1.00
1217.76; 22.40; 1.00; 100.00; 1.00
1218.77; 22.40; 1.00; 100.00; 1.00
1227.48; 22.10; 1.00; 100.00; 1.00
1228.48; 22.10; 1.00; 100.00; 1.00
1229.91; 21.90; 1.00; 100.00; 1.00
1230.91; 21.90; 1.00; 100.00; 1.00
1232.35; 21.80; 1.00; 100.00; 1.00
1233.35; 21.80; 1.00; 100.00; 1.00
1234.78; 21.70; 1.00; 100.00; 1.00
1235.78; 21.70; 1.00; 100.00; 1.00
1237.21; 21.70; 1.00; 100.00; 1.00
1238.21; 21.70; 1.00; 100.00; 1.00
1239.65; 21.70; 1.00; 100.00; 1.00
1240.65; 21.70; 1.00; 100.00; 1.00
